age,income,education,city,occupation,credit_score,loan_amount
0.4876010678502334,0.707548179368717,0,7,1,0.3922500362416633,0.6010732782597212
0.39065214025928074,0.6301499487349342,2,0,2,0.5250795508305995,0.4210092884032948
0.5106519361619348,0.4891205448789846,0,9,2,0.5461729801409224,0.3692201951748785
0.6442996237755478,0.37392243856293284,2,3,0,0.39100925048863255,0.6136083685136874
0.416405783785724,0.5932361948458299,2,1,3,0.7059950230304656,0.8260532421020715
0.3760142401829058,0.5435519824276049,3,0,0,0.5552662490198063,0.7314630918456486
0.6528776748853027,0.6253500007260004,2,3,4,0.6219343641425549,0.6502039612937589
0.5289348632898505,0.5829563300102036,0,8,0,0.5357797084232055,0.6914361207519599
0.34008276689920286,0.6505166414469087,3,9,5,0.9024482256851535,0.639673558928564
0.49460084854577746,0.3921341668263839,1,5,7,0.6308425474167992,0.6112021790157336
0.34100750678463554,0.6941852672146104,1,5,2,0.4354393303012437,0.6792229401697425
0.3406544998290186,0.5116149314762706,3,9,0,0.671309214182657,0.3355730254102086
0.44870538320894904,0.8177472263270829,0,7,2,0.22828348646719276,0.573241970292337
0.11964153975088435,0.36703386490298506,1,7,6,0.5449254910211475,0.5307312685129819
0.1484008365988272,0.7624285209333772,1,5,3,0.5808854846675396,0.5549629656595045
0.3259119951972718,0.5116656657980952,2,2,0,0.5469834236220744,0.4730630824823164
0.2571227036838649,0.37319182330518785,2,1,7,0.46322821441389317,0.6219025019273698
0.416405783785724,0.4005061256262019,0,5,5,0.340965967207156,0.4190130607871171
0.27312471214838974,0.4271693076777535,3,2,4,0.3811364865519541,0.4620754829125136
0.19613096754710124,0.5485541149743921,0,0,2,0.5417674871160759,0.44388098686092275
0.6355386416364313,0.5646411130544136,3,2,3,0.32272182738639266,0.6739671589858183
0.37729075070491,0.3858628998184619,1,0,1,0.8423517456274202,0.5412249885813588
0.4220726752678021,0.4754277081333127,2,3,7,0.0474937671607617,0.4731449217152658
0.416405783785724,0.8286723958835889,0,6,1,0.46509162572706153,0.4863942221435266
0.32864571254545544,0.7610556280862122,0,3,7,0.5432657700391975,0.543590405244149
0.4286981584848084,0.550536299827974,3,5,7,0.614809369247035,0.7889064073500055
0.23602796895739686,0.48559451485664173,3,0,5,0.3583276410455948,0.35555896844479024
0.4691242448970282,0.49896826546180295,0,5,5,0.7277697678364227,0.6454021921488468
0.3200565147867254,0.5794259081697704,3,9,5,0.2722106549512978,0.6145313983533905
0.36722643123434157,0.4924147682116242,0,1,0,0.4213596374121805,0.40915409250414286
0.3198934637066764,0.43743600854327525,0,4,6,0.6352304167660027,0.7653643516031683
0.6945694748393881,0.20735393302541053,0,5,7,0.7108121664368515,0.6247512587900406
0.4097016594660964,0.5444874582140222,1,1,3,0.2703780123000964,0.4660352403496892
0.416405783785724,0.5849167352381147,3,2,1,0.9999999999999999,0.26113509403480206
0.5373491222323059,0.40062015060182055,2,3,5,0.36164923040545005,0.5777383398256567
0.416405783785724,0.7360199222276416,1,2,0,0.28692343066463943,0.5362191963621611
0.44365185552441144,0.279550669805666,3,4,5,0.6139613586058151,0.3867571564071621
0.11255870251125649,0.24064802613730166,0,0,1,0.4606127392110785,0.38480143104049586
0.20897410598984179,0.5159928935685252,2,9,1,0.4339871283715623,0.6746588955271188
0.416405783785724,0.6501164760883362,2,1,2,0.630706857465115,0.2465398423631351
0.5245119872432448,0.7539445975739572,3,9,7,0.24816080936738827,0.5906440292559046
0.43792704637524094,0.40458236051082674,2,6,5,0.2166555076014014,0.5145887170244476
0.39410516886669456,0.4924147682116242,0,5,1,0.4157204321068436,0.6183654677193924
0.3657897145274936,0.47312007203598627,3,0,6,0.7176079438211272,0.49838867296998524
0.18602071566959577,0.4512534520835282,0,6,6,0.4235352014472119,0.5874594743804628
0.30185613790300475,0.4924147682116242,2,8,5,0.8115361956606052,0.4304054719186639
0.3414317943989653,0.5857526269614325,2,5,0,0.7397924641176786,0.5355432097051618
0.5731645406782244,0.22238482468156348,0,2,1,0.5743598340974686,0.6171419985183687
0.46422629082965183,0.7201323419069311,1,3,2,0.5845909653206415,0.5658726977004711
0.14258029529823557,0.7044073797656016,2,1,7,0.5741898080971423,0.6006525704243462
0.4612437779907024,0.3774072497522347,1,4,7,0.5521545129932536,0.40233926167228434
0.35296780901879543,0.543929931306861,2,4,0,0.45737853071342227,0.4534622380500655
0.308409528835612,0.5599447211758342,1,2,2,0.4782910164234967,0.45608999547156587
0.5051535622834488,0.5218984890181673,1,7,7,0.33057101497419106,0.50108927381184
0.5691761091101352,0.38967717626385834,1,4,2,0.125132256735902,0.7489486891389782
0.5539508850824562,0.3698975579047564,0,1,4,0.7223234793164729,0.4893124574136772
0.2836301417620078,0.4752321461420992,1,2,5,0.5517113575070333,0.3696508370031208
0.36455167589737375,0.6705992011931167,1,0,7,0.5244932209441368,0.6251098032628895
0.46233994296739656,0.5680265666152127,1,4,6,0.595173044953451,0.747138798788029
0.5607092955887272,0.41897381488993335,2,9,1,0.3740997383061445,0.3518160003940577
0.33860178713633965,0.6052155610358174,1,2,2,0.34298617462306946,0.8420590269501361
0.38341589006485777,0.014974495948433392,2,1,2,0.47225500357435923,0.6059384508026969
0.24284647386949215,0.6666922420794129,1,9,3,0.7699003449815583,0.6997288636671487
0.22912481128680728,0.19575700648432756,1,5,0,0.31277105988415854,0.7653944185539391
0.5358194010325923,0.4203063975496618,0,5,3,0.04998630154708861,0.6904405140256126
0.6188340432737393,0.2968484335725685,2,4,7,0.4294193702208976,0.5262461384565338
0.4007678719308724,0.2683146943614533,1,9,3,0.7292843404193913,0.7275920807936174
0.5649824868189306,0.6686586714384923,2,3,3,0.21117580350638643,0.5815967309346303
0.4669772505209887,0.4031448543721021,2,5,4,0.31069112964523893,0.7083078953455872
0.31326511660456985,0.5358921580566671,3,3,2,0.5708641246137428,0.7248903572610462
0.4669405431077752,0.4717485688833414,0,0,6,0.9864618904639709,0.37763396137023725
0.6465908581272068,0.5571747905361663,0,2,0,0.2786291372772801,0.6634096498232561
0.4062924814168477,0.49192343585217024,0,6,6,0.2716514970107048,0.5154292879658207
0.6506532460107929,0.27022049998134656,3,1,4,0.5844061756429718,0.5639503590115182
0.011778020836990366,0.6418289543410789,3,2,4,0.7404519249770424,0.5622680386215405
0.5372510389983125,0.39889680709382025,0,1,3,0.41091363122805336,0.5561858946310568
0.4250528281793322,0.2256146723362167,3,9,5,0.23120460690455757,0.7739521885297954
0.3661097858783205,0.4095989286943108,3,0,2,0.6015339946746995,0.3358633893165626
0.4257725202592646,0.7240810589369517,3,8,1,0.6341661485052271,0.28191342636725913
0.1082990968133288,0.6180178892467691,0,4,2,0.8438811643274052,0.24993617435502974
0.3782227764390075,0.42255451290508206,0,1,1,0.6417534457419588,0.7050729111022409
0.46628660666303845,0.4224557813023264,0,1,3,0.6725884628510991,0.42575734453602637
0.6374082583942619,0.4269593551514055,3,5,1,0.4761363523811194,0.5630401918630308
0.33263258715690663,0.8179896836281841,0,3,4,0.9633241905195439,0.525612263942098
0.28832109010475965,0.5416688911516258,3,2,6,0.4516302099120749,0.4086372122791326
0.33515382951825995,0.549512084229635,1,8,1,0.41310780877728626,0.6720769321695949
0.551526621394062,0.64737499748867,3,7,2,0.8494419869924569,0.5236801311328301
0.46195636003284457,0.5183304413541872,2,4,0,0.2577217428179055,0.5069640660492721
0.33087828862239305,0.4371644491679427,0,6,3,0.19047766212337391,0.5783029298907828
0.4901284335323963,0.4473857478637956,0,7,5,0.5449176816582589,0.6522634375067838
0.4265842886256165,0.4677246517372309,2,2,3,0.5230610419735092,0.39763166632469726
0.5596557782005797,0.4733297783679703,3,4,7,0.48230936886727493,0.6753271736888503
0.3045724969569924,0.5980305615581399,1,1,3,0.7024764969573084,0.7627843375593318
0.3617347527775485,0.487867673130286,2,6,4,0.35971849487439445,0.3268173405961703
0.35189509415625986,0.598847474687808,2,3,6,0.5349366406407993,0.5851892760360436
0.188312000738313,0.466238497610195,3,8,6,0.4584841696948815,0.4967792193207822
0.45697426307245415,0.492219074619354,0,3,0,0.36277961363253397,0.6489979772858314
0.416405783785724,0.4924147682116242,3,0,1,0.5122305981804945,0.35856970109472663
0.41254315052722124,0.6287957442264371,2,9,4,0.6770086307357769,0.7899316518784575
0.37594550695040513,0.5358896463028134,2,4,7,0.9054926465798422,0.29926259505860403
0.19566268975554724,0.6421131789260389,0,3,4,0.6277831578164367,0.5059717836967459
0.3475380203465946,0.4924147682116242,0,7,3,0.07093059032013238,0.6088367572710003
0.35943654704677624,0.8198852943591617,0,9,4,0.5165012520141373,0.43896086503712206
0.28927020401411596,0.4566398859696583,3,3,4,0.5323482395867533,0.4151515464247723
0.38713721617893837,0.6600756432759466,0,5,0,0.692075427456324,0.576690676598646
0.4734531749034099,0.4924147682116242,2,0,7,0.5566761038465818,0.55478971262725
0.6997465273041207,0.5793045960105581,2,2,3,0.7491760383121026,0.5439023080978674
0.4384170797751128,0.3076504833766238,1,8,5,0.5939515825167013,0.6731700836954206
0.45108538748381977,0.3776996997276648,3,0,0,0.8042637195098975,0.48320433002333035
0.416405783785724,0.7914605028279271,1,9,5,0.4443135325943014,0.5914489521571555
0.11880317474559074,0.4483097638139991,2,5,0,0.5493841268148628,0.4662066112197013
0.40771426868303473,0.5148485306882844,1,4,6,0.672331765729235,0.41425293490834025
0.42095841263476974,0.6212535623310929,2,7,2,0.42026665959642806,0.49983580165921226
0.7878518487906887,0.5602140132134147,1,8,0,0.3810165136016511,0.4673947102368582
0.38239262611563185,0.5039226303822351,0,8,1,0.4099669898662516,0.4749683187357409
0.4578028709635308,0.5389013913106078,1,0,4,0.38836801846983293,0.7196532422227779
0.4064626088016784,0.8712492913448724,0,9,6,0.6175377213154204,0.5044827962329758
0.2333278939550823,0.47000434050181494,0,4,7,0.19274820040578655,0.44251262738790115
0.5862493628080068,0.5121854775248906,3,1,5,0.24299379796872256,0.5472585855100701
0.5265680540881631,0.6506962585285703,0,5,2,0.8590341236629434,0.5588019795119851
0.532537702021638,0.6596424672060819,0,1,2,0.39271415613194904,0.36308372287306623
0.27291655050511243,0.6729308707383209,1,7,0,0.5594159084109359,0.49776696577390844
0.6259419816933054,0.5835364918346716,2,4,4,0.2550351700068816,0.491661246487402
0.19772688326765203,0.29304391208370006,3,4,7,0.540334809080662,0.5169069260259995
0.501364151277441,0.7457117467675745,0,5,1,0.3938115616622061,0.6529844396165063
0.7462026287734104,0.29249928302094164,3,6,7,0.2417108949468808,0.5637201304864546
0.2605266876641483,0.528739888772839,1,1,4,0.7642821744201792,0.7291442338160203
0.3252997151711694,0.3564219675803515,0,3,1,0.736468015038496,0.5412345610356138
0.4269772605038391,0.4689413986911164,1,8,7,0.5040290129893755,0.8122378651381675
0.3348914309330894,0.5329996036567839,3,6,1,0.703465644516935,0.47315361172986337
0.17500611310388958,0.531792266991249,1,3,0,0.866340401110894,0.42634476961932394
0.4222306646493197,0.5481880607546613,3,9,0,0.6592557072175446,0.6259673416073471
0.24956919561933955,0.7424965718344945,1,5,4,0.6098105076577539,0.7497822886503626
0.4840708280859565,0.5533423065933988,3,9,4,0.5592239713966803,0.3339904015352896
0.2713841284257884,0.4395913701341553,2,8,1,0.6404110282500047,0.5131404830172392
0.648407427934619,0.6365824114076019,1,2,3,0.4577970014750804,0.4504141751278821
0.29217479730449397,0.6733287161569358,1,3,6,0.47352517620414936,0.5646568218953862
0.36258986070565263,0.2792503268896799,2,6,2,0.604622948753374,0.5445207549157116
0.5359707678688336,0.576798059003749,2,3,7,0.4379852250711761,0.7469474653050042
0.22383325204681004,0.5937170671900732,1,3,7,0.45745818195950416,0.5265691454339705
0.4464911568729868,0.4308839598242744,2,5,3,0.5234075934645112,0.7514046211709663
0.6113378391765034,0.7036925279598667,0,9,3,0.7307092674698478,0.4952363252982515
0.16633082817336253,0.4549335249429617,3,1,3,0.31927205406685044,0.6834468281138323
0.43995244343988626,0.49987233820762333,3,2,5,0.6601751717559307,0.5776649999872508
0.45144150038660036,0.4511809772130182,3,5,5,0.6660528009336059,0.8052341570411619
0.5311316543593325,0.48193845478154795,0,7,1,0.6649744331118838,0.3191025861405383
0.22290397734407486,0.3006627031112652,2,5,5,0.37800118347294764,0.36657383951623357
0.21015424132849703,0.24461379000385056,2,5,0,0.2183588651006162,0.8206563741868972
0.491452805782291,0.7393652083837732,1,2,0,0.6242299536953587,0.4318470478443633
0.4571062396474206,0.34131060283196324,2,4,4,0.5571677664000775,0.44146716403493436
0.4500078375819888,0.3177626953466869,1,7,2,0.7043589864441054,0.41025187341935326
0.4646583648637086,0.12831156897734988,0,0,1,0.3971397598280443,0.7170941943521433
0.416405783785724,0.37522268066837494,3,5,2,0.660344533563313,0.35299145952829686
0.4472230716898652,0.2636830264271075,3,3,7,0.7133751981305826,0.5464053864312408
0.45650892239094765,0.7471112141434182,3,1,6,0.5061994908861817,0.502736735629437
0.3026947807454272,0.644038178810795,2,4,4,0.5985031425215449,0.7001267542588221
0.6966301028577744,0.367203013603431,1,5,7,0.5922029284009184,0.45755391956848723
0.48410754629940045,0.8466336765455673,1,5,7,0.3753481254188885,0.6059529998513067
0.2298734239200952,0.6394646694411202,0,6,1,0.6190756399718368,0.3654583768273377
0.5120054609556421,0.426438227855373,2,6,3,0.815742277538218,0.8877071376021395
0.2629473867919403,0.07189747987620937,0,4,3,0.5273750257013526,0.5066825272962188
0.5319350190529398,0.8529117871003077,1,9,2,0.26012057827990276,0.5443305955205592
0.5886575588540445,0.2528437479534533,1,6,4,0.39953822712213694,0.79384509987095
0.2864601090200761,0.2111340489911159,3,3,3,0.2027272199459088,0.4540688659847908
0.5588513249971875,0.6461174729435262,2,7,7,0.7558743361395034,0.795759366371766
0.4747860877456379,0.8771736157271282,1,0,3,0.6610629621098424,0.48062754326458434
0.537275109961848,0.7050891221560764,3,2,5,0.4330290316077422,0.6448243621859777
0.7013660234681808,0.5713377230563985,2,0,3,0.26784469892396967,0.4561897713658194
0.3742964058261244,0.5763667017325911,0,0,7,0.3732172259354253,0.3374416124373432
0.2966814917982293,0.6185386063975368,2,2,2,0.40835876135890736,0.6058501876979588
0.27595077704532506,0.6031335314005246,2,6,1,0.5430888099747614,0.6400046152443847
0.28720397427861405,0.5252436705374898,1,4,4,0.5370255162321548,0.34352802693181916
0.3999904849550343,0.496387319416722,1,2,6,0.7650951371815106,0.4964554085537611
0.4638497322728762,0.46919332983160333,2,8,3,0.3985420426728047,0.7250242829819815
0.45400775764599377,0.3564727153337379,1,9,0,0.2516039721724831,0.6339737207076919
0.538057306562785,0.43363743450423076,1,7,0,0.31489062936517886,0.48309180406437185
0.41374756200198837,0.20338022219017352,1,1,2,0.5192249618550467,0.452423678987621
0.6336889625380279,0.4633652510792917,3,6,7,0.3920688105682778,0.838335020579206
0.416405783785724,0.3182194075077287,3,9,6,0.4707550756431095,0.3236628138468288
0.8270796402227455,0.29947019722570245,2,2,6,0.44155875162281777,0.53402827865624
0.5072897263526746,0.5087282494022395,1,8,5,0.7018113374606098,0.32096986074005474
0.28089104570667894,0.7063493280123904,3,1,6,0.41760486778827366,0.7423138972434679
0.24825785438389397,0.6291200178925753,2,7,0,0.45537828256577806,0.5419222825586819
0.4854266299704135,0.2233453785266383,1,7,1,0.6526258587393509,0.570011419473092
0.37764397971971575,0.3180503311139101,0,6,7,0.4215662645552075,0.9627364242173702
0.5207764891723236,0.6327809938261247,1,2,7,0.5996352931384198,0.4530380741000545
0.484016656063344,0.3192145517796222,1,9,3,0.5831063999380249,0.8080674380475348
0.40064285837132774,0.44277446255795705,3,4,3,0.5489196511352005,0.48377139186904367
0.28247340335509147,0.5690784861431779,1,9,3,0.3189598405744193,0.5076041697197493
0.416405783785724,0.32152040446261376,2,9,0,0.7449748151760868,0.9429211255987231
0.34358822834742997,0.49657879295078955,3,7,0,0.923533128558165,0.5185825777788063
0.5425179552130608,0.26190007896131606,1,4,2,0.5249647556924745,0.33466222992855427
0.4444503981293033,0.38135199134161046,0,4,0,0.33482460145463666,0.5857380001282516
0.22156220937308008,0.5315354344677217,1,6,0,0.5286181597326701,0.5168171016012011
0.43820380215309507,0.21967811777260213,1,1,0,0.7017431668077102,0.5986499248837734
0.47059293531331714,0.551213086467977,0,5,0,0.412519367727577,0.5227501576615882
0.416405783785724,0.47619673010358343,3,0,1,0.5001467913845451,0.8788548683462687
0.43523327478664375,0.5694759520112742,2,0,0,0.5847585978710345,0.6273973077704995
0.42064976998510795,0.5159052299460889,3,7,2,0.7401588197531727,0.38004907540656274
0.23725296855707184,0.7018067546658286,3,5,6,0.6631025033911037,0.5618821004801577
0.4663896338659642,0.4998149564449198,1,1,6,0.6705706045855014,0.4217868688093192
0.4973833745511924,0.4093885462115088,2,5,5,0.4465619082503177,0.5054513925841255
0.5771234000235286,0.4993377409190627,2,6,1,0.5957982961605642,0.4049891308424837
0.5726576143023213,0.5679773083213997,3,9,3,0.39327878234671443,0.8624186393967982
0.20141896032343481,0.48736456440082543,0,7,4,0.675734695805109,0.4381956776893377
0.2685746813242952,0.4860164949068818,3,4,0,0.7308195639040534,0.6472295025486692
0.49039834760360546,0.36494633288300116,0,7,5,0.6230880666274449,0.49396614604767214
0.49020760117061224,0.37131965879128415,2,0,4,0.45716790109514693,0.36739917397904476
0.4904002437595545,0.250718890513945,3,1,2,0.4866630670997748,0.5729636529731081
1.0,0.7646479630871231,1,5,6,0.8489016307053684,0.6037427162600586
0.4989263628779612,0.2766000570081003,3,1,5,0.4601772061855688,0.6276839166232181
0.416405783785724,0.36642778647991237,2,6,2,0.7125791004958623,0.1455019388041867
0.5574200406749712,0.3622699510576197,1,7,5,0.584440994876778,0.35581282322246827
0.5112172688469219,0.6253061687785411,1,2,7,0.4631637802226195,0.6881571368836175
0.3636269091910428,0.43131011563845667,0,7,2,0.2810730760385801,0.4029932687120392
0.5276423438655169,0.6828292655703772,1,4,6,0.5615035788206503,0.5737662797049532
0.29376696307446065,0.3695931220260723,1,7,6,0.5397900031456274,0.3522991390418983
0.37560480413089037,0.5248854308528096,3,8,1,0.848904957274136,0.6539050000038761
0.3376567992213854,0.3432041876121771,2,6,5,0.3683703511851225,0.6841725950812079
0.4242630220034097,0.8291417479572638,0,3,0,0.9368829400940776,0.6539518113694158
0.7651660153907813,0.28577342477488155,3,6,6,0.5916342416088697,0.6995266471518136
0.12666714813406862,0.5299113649995716,1,5,5,0.5914574134145202,0.7800725786980226
0.5165410813742286,0.582728903318507,1,3,1,0.4165045081101423,0.36502514111326595
0.16553190577488197,0.5468639127458202,0,5,0,0.5800828931575203,0.42344796747503943
0.3397075572603575,0.4491893179390073,2,5,2,0.6086160198914862,0.6790600925046164
0.5780241172366174,0.45823260374418817,0,4,1,0.6922769378629797,0.714331300880124
0.4215767401573566,0.4865414452237842,3,4,7,0.34708384124683567,0.44077901020731136
0.24721164379139465,0.45543137890801166,0,9,0,0.7768707685783488,0.43023702280345827
0.30254938429418754,0.6365484908692044,1,0,5,0.588499724624643,0.44413359876510045
0.5155238554377023,0.8398002486980353,3,9,6,0.6329745996122996,0.2996870210357058
0.3002495673964812,0.3885054740364283,1,9,6,0.4835609624451235,0.3502698916700094
0.44481146428667817,0.2560669483161486,2,0,5,0.35612601776362085,0.35392600236679905
0.4187203630663495,0.46500503010766725,1,2,5,0.5364786714450581,0.49841998161336903
0.31227565540721386,0.8999920746768199,1,3,5,0.5571239364084174,0.5840580469026042
0.7391012168229836,0.3483680426541138,0,1,3,0.273724804676705,0.6087119622858371
0.416405783785724,0.7466386688614767,1,9,0,0.6663211119603959,0.46590958044287467
0.10256232387629605,0.7529293727860327,3,7,6,0.7029440843471465,0.469634906763688
0.44023039189428326,0.38914190441332197,3,7,0,0.3918910365950695,0.5617478974848635
0.3107204323461439,0.5721649770344543,2,5,1,0.33910778336547176,0.3162224369308493
0.5419125062469742,0.744890859461816,3,0,6,0.46878141512980986,0.68844300585088
0.2907598375454011,0.4175857959493007,1,5,3,0.527679767044165,0.7378527220665168
0.39424438933768113,0.44620689150216186,2,8,5,0.4757712986620254,0.4481708525748422
0.48886421415899106,0.3845616990438042,3,8,7,0.5123967845022602,0.48260351123972123
0.5439464964891783,0.3139533865177352,0,1,5,0.5632834355599482,0.7314748997932855
0.2285003805350162,0.37354080184495864,3,4,2,0.27681685363942676,0.5243488484506649
0.3606905561383431,0.2798482808548646,3,4,5,0.29753462764258487,0.632173825141345
0.3392474624410786,0.484955399777811,1,0,3,0.0328293750222054,0.5290096410915276
0.3120116881143687,0.4924147682116242,1,0,0,0.6932171911320167,0.7789215985288309
0.6813131379878582,0.5175147161836524,3,9,6,0.5261178110995176,0.6172929435185968
0.4735952983260934,0.22572655835252217,0,8,5,0.7121929331786202,0.6260208673345075
0.21924983400796222,0.5333448915384508,0,9,6,0.31835769400442937,0.6288481228868046
0.5519021897558395,0.6152963125222675,1,4,4,0.5277720712945116,0.45885287654237117
0.7357746271091602,0.15434149803590982,3,3,1,0.5620849149478785,0.47278007717000864
0.5693998989594513,0.5403843248742785,1,3,0,0.42214278775869085,0.6596115067894309
0.17978401991827309,0.6795565676607852,3,0,6,0.24345189821331248,0.5621649701555708
0.416405783785724,0.2821796180887902,2,5,7,0.8379736441200155,0.3644889887404621
0.6051952512766933,0.7520932383743671,2,4,1,0.7755197436365825,0.8269446202256947
0.3037149856293291,0.5477149627411575,1,3,2,0.45455114610379954,0.691267315781658
0.47952506650388316,0.36445392727094295,1,4,2,0.6153151295382296,0.5487058913202338
0.5300340608506211,0.47030591717436954,1,5,7,0.436016434394462,0.5015423397563853
0.27023807117616394,0.5704276046922013,0,7,5,0.3440058357005279,0.5731192676085768
0.416405783785724,0.49179031444459376,0,8,1,0.8526398575470223,0.6214526236271146
0.416405783785724,0.5672367785419632,0,9,6,0.22508248454817936,0.23482111065629194
0.25535824646450633,0.32929262119028824,1,4,1,0.47192722577385593,0.8632116309451702
0.373200153305163,0.5070109047150296,3,7,5,0.5385688052153031,0.42326418401401183
0.22125006854117807,0.24890765190899697,2,6,3,0.8209208038269652,0.5427132720588531
0.6610000550514626,0.46126425775860147,1,9,0,0.6849359830253902,0.5482875897483808
0.19340749935987323,0.33202612767028217,0,4,7,0.22204060878444676,0.8457031510047635
0.3445761432514832,0.359478284371079,0,0,5,0.5228783737076003,0.5296435194983479
0.4317239818491613,0.6809300392435504,1,7,3,0.5271689285874438,0.7838027577631861
0.6318169773564324,0.6573247332588595,1,5,1,0.48222821675403027,0.6046576531800689
0.19253404794604778,0.5787118208566572,0,4,1,0.6350613118829685,0.3971907510330981
0.5893550305316867,0.30130871675369675,3,7,5,0.2694579960314546,0.5634223481210524
0.4133248150873068,0.4278114958147424,0,6,6,0.44973924681564437,0.5250374985479443
0.2619050388746456,0.6771808765356896,0,4,1,0.6096553601466755,0.37866872544442515
0.4823166866783867,0.5025038650946474,1,4,6,0.6458310325509143,0.5972290679904637
0.44215498971768663,0.8575399741006255,3,4,6,0.5502988047366194,0.5463526845483039
0.3201209174360718,0.5435246658659171,0,1,0,0.47140672794317606,0.6273496885308059
0.42241985280635674,0.5107099846043548,0,0,6,0.5017609743876433,0.5723123462745817
0.3529324914719209,0.42900037492243925,2,6,4,0.6567926370567719,0.444301952700388
0.4290943274657253,0.5011708555699527,1,9,0,0.5294827556015175,0.6594733108733845
0.5128569710396589,0.4545399077842799,2,1,3,0.3356368056110052,0.4483500852388203
0.6539165141732087,0.5948478960271164,2,5,3,0.30110216329872064,0.07312544912692923
0.22277194095185665,0.6353783915060729,0,1,1,0.25494669294913586,0.5625045480178751
0.7374353617385333,0.35125140752104655,1,8,1,0.7856643449840442,0.4590105307296724
0.416405783785724,0.26235537252769725,3,8,6,0.6688756533452233,0.6009290179587796
0.38858777656835897,0.1800250990795878,0,4,0,0.5041852265848427,0.8460095912668957
0.5015870822414336,0.5622209336603375,3,1,0,0.4416021960959763,0.8503856629379957
0.4546644475960461,0.2995065078444008,3,5,4,0.41995384991940987,0.517971287356167
0.31668825278246787,0.12839301039913276,1,1,6,0.7203713215756594,0.41771133949939726
0.3799861826780664,0.5427519850478432,2,0,4,0.8665459728207002,0.6316338394054921
0.336490717982152,0.8858549793956562,1,0,2,0.41428434649918755,0.48687992970239685
0.3217778262807137,0.4784086638749352,3,5,6,0.7285123078645525,0.6023912504813864
0.5414802310032197,0.6161052822646287,0,1,7,0.5284217829900743,0.4428227653363533
0.46627178357797927,0.4927398490889243,3,7,7,0.4850950339422607,0.5810044181374163
0.3059685323334363,0.4632755752438086,0,0,5,0.7944279189885989,0.4199156014999284
0.5491139246617495,0.6292439075894736,0,0,6,0.5215421311411556,0.7225222198958712
0.4586811173628882,0.43207234552317786,1,3,0,0.5767777549690961,0.4535678762148374
0.5358707469947388,0.5229938754056647,3,1,1,0.5681120200277449,0.6432181759535152
0.5078945698836715,0.5318477966165224,2,0,3,0.23044684320731956,0.35127703526315107
0.416405783785724,0.3704735612441826,3,6,5,0.5753446008403581,0.6614196961374214
0.3262336153285582,0.6411402003627379,3,1,1,0.4219788938194752,0.3965087196574301
0.5258597032394755,0.4508731703196567,2,8,7,0.2672873122197491,0.582593738985497
0.416405783785724,0.3561824126144765,1,3,6,0.4301877296150688,0.6981084026346714
0.40857115550766965,0.5668705683411568,3,0,5,0.428700787111565,0.5126868900642639
0.4296760465796978,0.3329130051532301,3,3,6,0.70895505796617,0.3869915164816384
0.6068371403735004,0.4839930920343607,0,8,7,0.3316829240057656,0.6183135755064593
0.3214409162736555,0.477911706674071,3,5,5,0.38104631142063516,0.41551841504180687
0.4952936122293269,0.6564419488592416,2,5,7,0.5657900685713441,0.48172286267278996
0.3808915175849925,0.5567928559484819,0,1,4,0.2844707248505801,0.5832434281086052
0.37852671547326666,0.47531808607405623,1,8,7,0.40462332787818733,0.7492659906547432
0.5795243963092889,0.6127263814604059,0,2,0,0.2234412822814298,0.5470273482151032
0.5377875351025329,0.7060567155662374,2,2,0,0.6891566877302168,0.5464670980417815
0.5359696103404287,0.5703433776620047,2,1,6,0.4690694151464351,0.654801163974404
0.6110837866357051,0.481086342451887,0,4,3,0.5205056191978935,0.5506379830086731
0.414969304948162,0.2655177974428189,1,3,7,0.6884356967655362,0.6393416850089962
0.5158834523351468,0.30574323512611856,0,3,1,0.39322372216770696,0.7064962252367167
0.36439069235287774,0.4296348841353481,1,5,0,0.4671550289971501,0.493320720240011
0.4612563562955695,0.3800241095040481,0,2,2,0.3330274803081913,0.046545775075640373
0.39189209755722487,0.44891481803680644,2,9,3,0.3326354231454377,0.4190131996583436
0.4265718322726417,0.4886346156593908,3,0,4,0.3574882562817224,0.7262253319974421
0.5026313902931127,0.5657591159184938,3,0,5,0.4346289737529866,0.5378837679892943
0.28683595308732196,0.4924147682116242,1,0,5,0.4540351965884789,0.49159364574681474
0.7312294886415488,0.5587172740220466,1,5,0,0.5753844246326002,0.7198741949689309
0.2581630298060507,0.4899103138345706,1,8,3,0.36277989330899485,0.5276423785483532
0.22637930943612333,0.1573200726717122,2,7,0,0.5809706068811528,0.22579662880800588
0.5885835536987132,0.3262500170827396,0,2,5,0.6107694320428388,0.31481455128660674
0.5326340048757927,0.45590654768787997,2,2,2,0.43907409542612374,0.6064646804911977
0.5070534483466466,0.2821708589491204,3,9,7,0.3783655059089618,0.5328621985666808
0.5076986298100434,0.5772103296016036,1,3,3,0.538704890371844,0.763512414468625
0.4098925792824144,0.7289707728487526,0,4,6,0.4868089658037974,0.43184650359081594
0.2747690376366401,0.678104355010465,3,1,7,0.5630805581544959,0.49608516046313494
0.423336314358965,0.4445989161317996,3,3,7,0.8062581990836694,0.4089209975793505
0.3083729295711567,0.722445180564637,3,8,7,0.5357421045288905,0.4640856701759812
0.5606443461984069,0.5036370758006984,2,1,6,0.40818692689111413,0.25620987244208054
0.3893096069769433,0.42444025032268884,1,2,2,0.3628388780877726,0.48453650071092275
0.28572497021616583,0.4924147682116242,3,8,4,0.36981031197288583,0.5351393839156765
0.3626930231403015,0.4300840599032262,1,1,2,0.2597887703574575,0.522335856822016
0.47480907035867825,0.41611044204755054,2,9,2,0.6914509747140679,0.8688512894298279
0.32569258949549035,0.5071829759619277,3,9,2,0.12094520833593969,0.8209386776929994
0.2862252743803539,0.4924147682116242,2,6,1,0.6113286762147928,0.4291738659788188
0.44896874817018706,0.4798950806578425,2,7,0,0.36695198744620094,0.2331633369539667
0.44916408163707244,0.5506364873966997,1,9,5,0.4310403946862532,0.5279644394824269
0.33436200750958567,0.6735204152829938,3,2,0,0.36155983887989407,0.6000770309184302
0.33984398661438764,0.6342129581027985,2,4,3,0.7839135283755,0.4125620194672834
0.4471919615092087,0.23730195929997525,3,0,2,0.5263139694625215,0.42006696613964517
0.19066795589784258,0.06300933219853078,1,6,4,0.6657973026982075,0.7829004493386054
0.19686993077518777,0.6317291831563304,2,0,3,0.7577241833967675,0.5039600987835612
0.30206988885973485,0.2565437206279112,1,7,0,0.5528190313375235,0.6433921473379611
0.379173173240576,0.4427529003214622,3,1,5,0.30792688714569716,0.4019778125324025
0.45923199600158127,0.28862422836109713,3,5,6,0.4836149333118548,0.5343705846948236
0.6370207811795298,0.18560510343489756,1,9,0,0.38962355537088833,0.4920168703652894
0.5427104593946527,0.5676780824360312,0,4,7,0.432644332127997,0.44062283005290764
0.3873429047664412,0.6031704712645762,2,7,0,0.5063230926977588,0.7181332559690495
0.40885901749030773,0.38540469511834474,3,0,7,0.4991995967093922,0.33246333625095076
0.2586955825122919,0.05695713031932047,3,6,6,0.5976345343201755,0.5884875314164166
0.40893582684011065,0.3903392302472416,2,9,0,0.6237981709908967,0.4891695239268671
0.36768983395664234,0.5432778516604715,1,2,4,0.4992014826132697,0.6058850731562462
0.461035306438796,0.23827797680746562,1,9,4,0.5960775938635051,0.49122280369993254
0.28546026062173646,0.5092933053688934,1,6,3,0.42438130244244154,0.6744592820285616
0.49105659163319215,0.47690235534745573,0,6,6,0.7602925163910746,0.40055334355007116
0.6457820089156449,0.5738456531244788,0,5,2,0.4214708727050692,0.7184747531986707
0.3951568536811192,0.4988947416037587,3,9,4,0.7391026225588667,0.5386359669406217
0.47309603427812696,0.32075012828375393,1,9,0,0.2573920171696614,0.34161545783622743
0.5171340627141142,0.6744864592296299,2,5,6,0.4548259481559359,0.6461154889810671
0.3505038193417883,0.4535519334795194,3,8,5,0.46373288990289885,0.5128586641745658
0.44597701196789086,0.4749467512448512,2,8,7,0.5736472673953873,0.2841122935762409
0.4136850406323819,0.32723924647903013,3,1,0,0.6786702215009676,0.5934007293963883
0.42667567551086427,0.4071260992142186,0,8,7,0.29823746995440936,0.6955912241967153
0.2937387829097351,0.335140978777563,3,3,7,0.32371942882813365,0.737360126974114
0.4155046541173292,0.45120148172729435,0,9,2,0.27075520451869906,0.4856480714724239
0.4877971309195641,0.758473953713953,3,4,6,0.7612663645658585,0.5650307989658734
0.6333239841051612,0.2557248655491584,1,9,6,0.5770012892113078,0.5506629112708837
0.5582245246135046,0.21632478328506174,2,3,3,0.32797419566035424,0.7688401930243774
0.7405117369476368,0.7192568180531639,1,3,7,0.4435298668626907,0.4201407979139361
0.2946032945273472,0.44527050597914575,1,0,3,0.7363230774355883,0.4725647726569543
0.5449489125715571,0.3703134103311575,3,9,2,0.47325787990132706,0.416467528841381
0.43975520250650646,0.6489436351867415,3,7,7,0.4626138768658129,0.3233265201973125
0.7461029752395717,0.3806594180285443,0,3,3,0.3825871223760845,0.5805640157784518
0.2883509113147985,0.7771095295145597,2,4,3,0.3386740572582835,0.7857417413951413
0.2835531420121215,0.5899269171346906,2,5,5,0.7366046189163477,0.5129140374502076
0.32024676167583666,0.3998497994529283,3,1,3,0.8250049564906136,0.40931610758186365
0.08748462993477521,0.8311241549060348,3,0,6,0.34584549658055963,0.5713280656164242
0.33148980245489157,0.38064321466537376,0,5,3,0.7765394727540992,0.6323061220457282
0.2958575510605965,0.6003890579025917,1,0,7,0.4355481508775031,0.5192991764675124
0.4347246467412571,0.5281948676752187,1,4,3,0.6195353917582244,0.7557629987056914
0.46394195153638074,0.6916332519008771,2,6,4,0.7774893735503444,0.41985682398603663
0.6982174210584801,0.733985916474434,0,9,1,0.4972316804510867,0.49950063663519184
0.5568737606882345,0.4846163893464345,3,2,7,0.4642800117511404,0.587870726827851
0.32368039541186494,0.35656185185595,2,7,4,0.6677258433696501,0.6025712218149311
0.2745918822912659,0.554391926779436,0,5,2,0.3233644789097593,0.5501614160952295
0.48686896692359594,0.3689043231145298,1,9,7,0.7300702599927521,0.34920744207775417
0.21018835111307949,0.8076594031580834,0,7,6,0.5491076920863315,0.8974195155693622
0.6913907523200109,0.5016590642851111,1,6,1,0.41926540963296144,0.5072316456127859
0.5918401171786223,0.41983674536208915,0,2,1,0.41450514483229817,0.5597175147669775
0.34012837777668514,0.5095085799923965,2,7,6,0.2740790268346772,0.6364964904095466
0.15019991910742603,0.2597641365593083,1,7,1,0.42675767607803305,0.44651478182922266
0.6184725482434771,0.3209873343278873,2,5,6,0.47579530945442683,0.5516315783452751
0.39427440577684914,0.6751129218788384,2,8,4,0.3321327093660066,0.4403473925795683
0.6007530324145097,0.3722989760324191,1,2,2,0.5151813332609846,0.6059951662719844
0.16832416205948514,0.30871098464326774,1,9,5,0.6085919017404654,0.5011600822113323
0.3202494522892266,0.5668938680958423,3,6,7,0.48490705198608086,0.5837369826327693
0.4125630361255974,0.6727146562248365,3,2,6,0.6427947490952283,0.384358345342911
0.41893545253144393,0.5966159959196442,3,4,7,0.37793025768041544,0.41734733390441453
0.34304613271073775,0.641793226978725,2,8,2,0.7041798945744574,0.336061508878412
0.416405783785724,0.35601123307152893,2,4,4,0.5453245256430238,0.4352934313445964
0.24875743597961075,0.24758765927028767,3,6,5,0.8018236984545123,0.15288356329282007
0.3900238312852048,0.7241746207982832,2,5,2,0.9584071666265325,0.49644905896878155
0.43012924069614433,0.42678901386639334,2,5,4,0.43863776621572714,0.46201706912535223
0.4903072837983965,0.4385028586320747,1,6,1,0.4460582016772684,0.5658786236800063
0.520412251753509,0.6959461024475911,1,0,7,0.4790020192912311,0.5497641965242639
0.240051331090414,0.5700857273922358,2,6,0,0.6307173435617631,0.7335619112590046
0.17753286504468146,0.553726014431461,3,8,5,0.7623089399400623,0.9362716527291047
0.606838961259824,0.8323785995786235,0,3,1,0.4057402343989135,0.7154408191024657
0.46250034630001824,0.3744797956089896,3,5,2,0.5920727921919714,0.4743159107548656
0.2974830084200928,0.630672724825862,0,1,5,0.49888035220365967,0.46820941712626357
0.6485933273993126,0.48869383147822987,3,8,1,0.6347549771454074,0.6746821152446435
0.42942370377402406,0.5231895166438322,1,5,4,0.795372762570227,0.28782520391552185
0.5918182935158461,0.7285986513285285,2,8,6,0.4800676798463749,0.49522077373625073
0.4220711907113567,0.562195569558399,2,7,7,0.22246985599303748,0.5069007232721198
0.7263987717725486,0.5671617946532395,1,8,3,0.6574223431123806,0.6315501929030332
0.6797690177610597,0.4924147682116242,0,5,3,0.37332349488053695,0.6360576779091959
0.37375041483806054,0.41989687774940077,0,3,4,0.49758502008897165,0.4301347796411102
0.5601025157602028,0.3425744303005692,0,3,2,0.6651940614232826,0.48018770897165747
0.5102988486279179,0.3090536584774908,1,8,7,0.5769634318870301,0.6104751608783267
0.6207259900573178,0.15880535556373432,0,4,2,0.5050443772484515,0.4218943710845553
0.26443727665241357,0.8146407203383534,1,5,7,0.41960215984399596,0.7258367214526649
0.5165092122832653,0.2995323072330309,3,5,4,0.0008236084916607433,0.6353465557038174
0.573363370686953,0.44332545766738096,3,2,7,0.6492088371434243,0.569001147443984
0.1432369242576491,0.43426705533553966,1,9,6,0.4777929777844422,0.6022645333881709
0.23110173744506346,0.5295177864697701,2,0,2,0.7960716695201212,0.47222655209200637
0.416405783785724,0.6123955608983649,3,0,4,0.5950971655398206,0.44806310529330046
0.37062921211318367,0.6196893252284297,0,4,6,0.42586512632555007,0.4786188278887931
0.5213172476763505,0.3843340108584389,1,0,7,0.715620080280681,0.6187917160297604
0.6411432864303285,0.4521510781637653,0,5,4,0.7308033039152034,0.5734738535116624
0.4230752643650455,0.5254700547192157,0,6,7,0.4839052180976423,0.47892318216098645
0.6604205161710395,0.4388520705987543,2,0,2,0.7384644356426261,0.6566306717164055
0.20104762718489277,0.7414587146599763,0,5,4,0.4233094582802045,0.5166337396865649
0.1516888745757914,0.5594465983200252,2,6,7,0.5521419065856074,0.43790369704570037
0.40328136544269566,0.5992123088313953,3,0,2,0.6263396775989775,0.5815575814109394
0.4704017896978029,0.5874740579210985,1,5,6,0.6647887542106817,0.38943777253772677
0.4067705689865331,0.670720638983468,0,5,0,0.6353699416188453,0.28723718086416533
0.0961040063806097,0.5089120609695748,1,8,6,0.46343033893606533,0.5422283467873662
0.39815551841904107,0.2679640831987593,0,3,7,0.7204543079727633,0.4433452886713108
0.21259516418129926,0.5445632435625436,1,4,4,0.5009526045308245,0.5044750805477255
0.5140084693644706,0.37320178659865066,0,2,3,0.42083728890373806,0.39645583792167605
0.4677348856911615,0.3932132462930189,0,7,6,0.423484264634871,0.7262632488421384
0.26826096129202454,0.5749987506271905,0,9,6,0.8729528339247096,0.4427269637110535
0.3333048860371065,0.6812870780597321,0,5,2,0.38967123271437243,0.477515688432655
0.25004100813941643,0.48286655988940885,0,0,1,0.7561219435672849,0.6002851825614414
0.40219253885294803,0.5297503316190244,0,6,3,0.3187669740324336,0.3343222313292803
0.5575941816683501,0.7569261357658106,0,6,7,0.6112927499867588,0.323114408933743
0.2612611241911376,0.5186506535785383,0,9,0,0.5769073183680345,0.600750496056003
0.4887205777753999,0.9035746604974629,0,0,4,0.8155131648428705,0.475552872718556
0.33080234303361883,0.5715986713844549,1,1,1,0.4054531075121862,0.40634518809760295
0.29070607962815137,0.19232519864052275,2,2,7,0.3556716382443864,0.6344670257677768
0.3954209589261909,0.602222636782224,0,0,5,0.5023792092818954,0.41992355890198013
0.2537009466244736,0.5415421987525242,2,3,0,0.8233652128100576,0.5013890348682088
0.3272308848970363,0.6896786513076384,0,9,6,0.36405180367720524,0.40715840963043437
0.22886964091288803,0.5891533746211451,0,1,5,0.05695066164030882,0.5889999577290662
0.7117379488044052,0.45682471435040084,1,2,6,0.5341439048429039,0.7449305621532495
0.417146486891919,0.27978991780786977,3,0,6,0.6944745454909801,0.2608885184650247
0.30492787429919627,0.4453194861783538,3,7,5,0.34068980260222903,0.5600798388440502
0.4444330179716116,0.34073032923702473,1,8,0,0.6761682615233565,0.6728517357455854
0.39461210417646164,0.3847504110125909,2,3,2,0.33670655228337043,0.47911065445085843
0.3780246409646576,0.5753597821812021,3,7,5,0.4969646402364597,0.3715482924667339
0.5055337999021555,0.7516582690847139,1,6,7,0.6590045823281042,0.6068156863312193
0.5274191994903562,0.5437453704011307,1,6,1,0.3093969956909294,0.6948420380546304
0.3307651608295393,0.28442270363115885,3,0,1,0.5560820016253026,0.6779957249332634
0.32384611728993223,0.551886100703814,2,6,5,0.7423077802965571,0.5984700636725124
0.3697673507661639,0.6744962391298988,1,3,7,0.6087751641007367,0.5578448145073107
0.06030358872069347,0.3799799744542883,0,2,2,0.3935197534699383,0.4067215161923108
0.18042205768936476,0.4575484153464233,2,5,1,0.7970414998129199,0.6741639692769886
0.6204576858520986,0.4817932108908114,2,4,7,0.6420139015107763,0.665782882652467
0.6629171759146226,0.35142930726854527,3,9,2,0.18812797069039322,0.3704847507988728
0.3737394384611424,0.5850935502397567,3,2,7,0.6791075241401833,0.5982533501698695
0.49979152054777,0.4596791769273615,0,5,6,0.42041438780632323,0.6419632201497197
0.4592843027068797,0.5477986726716818,1,1,1,0.5587939960240401,0.6767211011298446
0.881847969390763,0.33470249089293713,3,3,2,0.7050126252862107,0.5316345262008275
0.5826998576908773,0.4080756312063828,3,7,1,0.424337203032216,0.4130041293677643
0.3922318826930181,0.5971749018110838,2,5,6,0.22684413249356639,0.4668867358073124
0.2658698823079324,0.4186120603648791,3,3,5,0.794667743980262,0.3903139057642594
0.166489144930539,0.7609611764312051,3,8,6,0.7332276777085259,0.5352618981349159
0.4428273862153027,0.414242116594168,3,7,1,0.507650739853437,0.5055769760730369
0.29628229586443855,0.5160308665588432,3,6,1,0.6771574095483569,0.8681665846412153
0.1946117937480451,0.6314472755282672,2,6,0,0.45681180688013867,0.6786255728851766
0.3130432518167666,0.2481493183461346,0,7,2,0.5408476315624816,0.6899751993625305
0.24663096479492302,0.19231769022714187,0,1,5,0.49737379287530603,0.6144541110037262
0.6693563179700884,0.23065675324221038,1,1,6,0.4640994252342311,0.48732074290263555
0.5463717619711228,0.685249097630822,3,1,2,0.5881189798306464,0.5012559911673027
0.4105451564927366,0.3894239777624242,2,5,4,0.30566451213804713,0.5151295382384098
0.6377212681158506,0.8964850941104561,1,9,2,0.4780400033123219,0.5715362841188474
0.42357506865303163,0.38740401192958107,1,5,4,0.5800420182998672,0.6019961009737158
0.28026098685014594,0.5094875475072344,0,0,5,0.8545930426422933,0.5431095658448365
0.6443140094786088,0.7308227541411729,2,4,6,0.3129885232452366,0.4989505434143985
0.4940435641626493,0.8064701370157946,2,7,6,0.6171757314580962,0.4529406090784067
0.2533950002523022,0.8155042484993246,2,2,7,0.636924482742684,0.33189157981831974
0.38270139017733207,0.6764094617944356,0,4,1,0.1851960439801933,0.7375486167763732
0.416405783785724,0.6463607426468989,0,8,3,0.597350338217158,0.8773366948483727
0.2006356531286338,0.5760035495612094,0,5,0,0.6819981378564491,0.7248086957054793
0.5531718211003313,0.6063017874388871,0,5,2,0.6294470364556751,0.35214134514870543
0.7032934118378065,0.38953361010614995,0,3,5,0.5082505700360259,0.6623053885606607
0.19822820852145528,0.3460000106258826,3,4,3,0.5834226039429512,0.6981956162098525
0.4977169375586493,0.47884829146088503,3,3,2,0.5539793560243113,0.48184533170645305
0.31242188965544837,0.45165170413019806,2,2,3,0.21893986816505395,0.6171182538055451
0.3373878009531421,0.40550454475206765,1,3,5,0.5582095790145257,0.4738315159591548
0.3213153310278807,0.5929368767903098,2,4,6,0.4572292004447064,0.7747713286618063
0.2798477462159067,0.6351506081704442,1,7,5,0.39636755655354305,0.598388445646238
0.4191707386425807,0.4938122436135337,0,8,2,0.9711565361579356,0.40397124232883
0.28489241486602174,0.7202937068604076,1,5,3,0.7490907698047947,0.6445378455156847
0.45305595046838076,0.29325843876693825,2,2,1,0.3161171206476491,0.7035019023109762
0.4040920370481511,0.4478243867275743,1,5,0,0.5858365434290461,0.5730367717752992
0.3752796798132637,0.3625283591358286,1,0,0,0.7861048272891388,0.6156803468164249
0.2731950083809672,0.4924147682116242,3,8,1,0.2537642925101068,0.5324282762439503
0.416405783785724,0.46591827148315934,0,9,1,0.537246040233779,0.3710574345572694
0.5270960532887948,0.4595488499899818,0,3,6,0.5457314126529641,0.520000940510627
0.4882427899365316,0.7261500180083911,2,6,2,0.2937149590847258,0.6222893255576449
0.2625086475383509,0.5822454602251358,3,4,4,0.5917675464034285,0.523594649996327
0.4269285462655573,0.31241591207820096,1,5,5,0.7245175109646894,0.6643895673484216
0.5264847042952668,0.7816881339287539,0,5,0,0.7951186673027385,0.48355164101509884
0.15687652941928482,0.6784747544943852,3,2,1,0.4784394498688572,0.4934944904437687
0.4947230157893707,0.5743031742143881,0,5,5,0.9741613254149487,0.6689909937117667
0.31059259372099357,0.4424726854325307,3,9,0,0.15253580721173277,0.5766325997554677
0.4988818042343801,0.32297230364802665,3,8,1,0.5875629171923454,0.4805895842552859
0.29522751509443046,0.41871418417812245,2,8,2,0.2688836395142692,0.699715915966399
0.1361918395977182,0.6569071083341005,0,5,0,0.5396245415882223,0.43859722200486045
0.16326817583046616,0.7866598072768104,1,2,6,0.42932825243044437,0.43280450586334224
0.4191040658573072,0.7310075713591,2,8,4,0.6147114376628412,0.11408815282765228
0.45141702681826834,0.39969686650741065,2,8,4,0.5005105123655814,0.4590264746821999
0.27369076811397114,0.2968569868243194,1,9,1,0.3745346020327781,0.7413895112285517
0.5092631407943605,0.5023684338982669,2,4,0,0.38637228406022184,0.22886487377209416
0.15808044981457697,0.19107361126627873,3,2,6,0.871596154509192,0.3987012956566075
0.40167331753274615,0.5320874491638194,3,2,7,0.6032953273146454,0.6095602138674556
0.22686367554122527,0.45533346009460574,0,7,5,0.21665653353798964,0.20270449910518104
0.3122396593855324,0.4034162655523956,0,7,5,0.6226239107386423,0.46558573122028624
0.418999284886727,0.219399429455419,1,8,3,0.4882939282129891,0.7159447324244133
0.2803939466695657,0.5631353843214268,0,6,6,0.5242030563923349,0.8527028725266312
0.35304823144583575,0.3925473686634732,3,7,0,0.6711148308767968,0.5870004015900575
0.5654038718930099,0.2886562150686117,1,8,2,0.736587205327801,0.40255971505460314
0.3236821949273503,0.011107273752735208,1,1,2,0.36861901632732386,0.39745696046718426
0.539356445360736,0.47491245342615884,0,0,3,0.5180146188922184,0.564968634341901
0.416405783785724,0.7683448518980315,3,0,1,0.42496673383301176,0.5855931616184997
0.49265327459406083,0.7502487483940514,1,2,0,0.6309263589056046,0.8246441527793691
0.631862068777911,0.40487387553319465,3,6,3,0.48151352937887937,0.6901657145427917
0.03439011835803099,0.3812143184088024,3,9,4,0.5286449677955644,0.5557517840264877
0.29009193340983985,0.5558270158127196,3,4,5,0.4746710644447335,0.4921883330106333
0.499870176144824,0.31662254794933076,0,7,0,0.5042516050932534,1.0
0.416405783785724,0.528602354584879,2,1,3,0.8305458900177835,0.6379871745455624
0.4684292204114001,0.6042995366219837,2,8,4,0.9541813548497956,0.4416265820243659
0.31954556945697415,0.6794366085763264,1,6,6,0.5913245857143642,0.5089517274148483
0.42498301025163876,0.46306942474708324,3,2,3,0.505359765186424,0.40998944902523077
0.38799352202143644,0.44619166526389253,0,7,1,0.23584599616903046,0.1784983122190772
0.5900601570613021,0.3362529265223989,3,6,1,0.38634935366646117,0.5903966714129114
0.45060756612725883,0.34458459104610006,3,7,1,0.5005365828737972,0.8132030241494504
0.4633078208714718,0.4424735343689501,0,4,0,0.39452215652669975,0.29582721971757475
0.416405783785724,0.5392934196531002,2,4,2,0.41347205025985156,0.5513793603805762
0.3373143859390162,0.6283485199389077,3,9,2,0.8072534304765634,0.4358429878421385
0.3457191562828784,0.34844884767510387,3,0,5,0.5285619574586221,0.6220563166172309
0.4719876368765431,0.7227651338253511,2,3,3,0.5446753295708858,0.5168787481610058
0.34748623747193136,0.43519469899235386,0,3,6,0.40188726177165435,0.3368324951506354
0.45600544015198263,0.47591475464217403,1,5,3,0.7355632486239841,0.3942773799185411
0.7286359821662798,0.35757370398619537,2,9,5,0.48506805889116034,0.4171375195449208
0.5447663166912184,0.08415239161315344,1,3,4,0.42951621255857575,0.7467863199346362
0.3619849375053454,0.6235324690444578,1,2,5,0.2385283892488146,0.7390463354202191
0.416405783785724,0.5995328619022217,2,3,1,0.5123636137767517,0.4958051561731289
0.3494572085324416,0.43353105467943,3,5,0,0.4238951061608217,0.7291239339046466
0.10058023144656247,0.4903205696383848,1,8,4,0.8269291217290801,0.5167493390542799
0.25784714430318617,0.5635167510097155,1,9,0,0.8556378183518479,0.49348358647829926
0.12612868491954668,0.22464231366346624,0,2,1,0.3007808892307827,0.5516605955089988
0.35809311490538087,0.3931421619420806,3,6,7,0.3211660108972926,0.5861785928115463
0.4145745548435802,0.6088946974090087,1,2,5,0.47358216043108137,0.4588026919337441
0.6677219749322288,0.27490018022759477,0,0,5,0.3763268861132928,0.5463167567362777
0.46167791083804854,0.5272598955075476,3,6,6,0.562551636096832,0.662351765167005
0.3783100119109073,0.2582225174270033,2,1,3,0.4645175882715097,0.5626389608701646
0.5383966136952216,0.5554448074336652,2,8,4,0.573924868166137,0.5494875730985807
0.074164832823157,0.4735875031892086,0,8,2,0.7064703269932883,0.6179145482351418
0.4477362101475598,0.21606874366639758,2,8,0,0.3316050982302726,0.6440676100639681
0.5294586288993999,0.6692965730446025,1,8,4,0.7027074123698053,0.5335102612070721
0.18601090511100998,0.35963127473101975,3,7,6,0.3920734330784367,0.47112139981799367
0.5863915434165421,0.3472955924841832,1,8,6,0.9105227795193048,0.5716833303457636
0.4634442785093038,0.5120990913160253,1,8,0,0.8154679511437678,0.3013743963628132
0.34835599305206827,0.4924147682116242,2,8,2,0.5029972905013006,0.5111195942238165
0.5083759756875457,0.3137797354302698,1,9,3,0.3497397129306635,0.1683402593214178
0.7584533020734062,0.48945469034188704,2,7,0,0.315271293391823,0.28897014396858817
0.43952988392307835,0.5493123373283497,3,4,0,0.6807986468238402,0.26617202192317635
0.44966090681454673,0.5924018083586657,3,2,1,0.5178954888383923,0.7017693993499293
0.34162690064691414,0.5081653411094389,1,5,2,0.6903920106025915,0.5451216383595837
0.28200762789549044,0.4195585536562697,0,6,3,0.92056802832068,0.3516890942238868
0.5385386426413039,0.34446885499843294,2,9,5,0.3845537438325345,0.6174424734473909
0.2810549835860352,0.4934432854906695,2,5,1,0.30170750422462034,0.6928715258942405
0.42268920472785654,0.30459782821979975,1,2,7,0.5580726135114601,0.6200830841255042
0.3388333717950532,0.0031039639613512082,2,3,2,0.7296554900322504,0.5143957207022173
0.4848933791112713,0.5505747989931873,2,5,3,0.3539064216068387,0.5782446151292933
0.4627061740719368,0.6267752271824687,0,5,6,0.5296132096025875,0.6796593191340431
0.5701747050020696,0.09414796717184096,0,8,1,0.7702508592605241,0.4718695259745808
0.3338927857288756,0.3147728255158181,1,7,3,0.22913528896385305,0.547529649688404
0.3705577421680258,0.5803448438124591,0,5,4,0.5657774009267139,0.5040144475488297
0.262324137394537,0.8148507701580386,1,3,0,0.42604933728462757,0.298425663861888
0.343927437740343,0.4827886485245241,3,7,7,0.5457465248673746,0.681944018712625
0.46936891178698936,0.4924147682116242,1,6,5,0.6512745137585324,0.8548624224006905
0.5273399439686808,0.4495791800492812,3,5,0,0.5631628499856277,0.41054428364381007
0.27096561701215927,0.7035571412022952,1,9,4,0.34133554181504466,0.6889341099341233
0.544534427855098,0.37408101020770546,2,8,4,0.4330512198063191,0.41536494901031384
0.6187421035982362,0.3490988756360668,0,8,7,0.7804408416117351,0.5631313493793108
0.47488593727485673,0.4924147682116242,3,0,5,0.5826464724577601,0.7716005788347692
0.6983128423989967,0.32396857531153034,1,7,6,0.6747964182690006,0.46410919565690406
0.416405783785724,0.4993985240271307,0,4,1,0.5684762648857032,0.5407758431292946
0.2217277267175204,0.7442846530607333,1,4,2,0.6691737400693695,0.26991367681741957
0.14018624831386045,0.5320730298072515,0,7,5,0.4519898675792947,0.442315914327237
0.416405783785724,0.4382549599424793,0,9,2,0.3850711402348307,0.2540317744722118
0.5116714029639939,0.43182179923177166,1,1,3,0.6609895175845933,0.6080609301963441
0.4032757205313311,0.2245371612693308,3,7,4,0.7265226677440974,0.6690694503835912
0.4545082184244609,0.6233799264842279,3,9,3,0.3586237787362464,0.5094046816735787
0.23992201737421992,0.4667079497791883,2,6,6,0.41959078963912855,0.5863395333837368
0.7851814438126116,0.44997316863824066,0,8,3,0.4939611464128534,0.4936249136110719
0.4314919995747948,1.0,2,3,5,0.815260480016554,0.655260854135983
0.42846489372435825,0.5281068800050568,2,1,3,0.6248489251382136,0.5626271817676644
0.5225729496020158,0.35682708724491685,1,5,6,0.28477830952005656,0.2419969480570058
0.48520323015127487,0.4098854805567951,1,1,6,0.5066187951410043,0.6854931226116214
0.4459451845350493,0.6666400709905618,1,3,6,0.4790674965631586,0.4839516496386642
0.29107226537640585,0.4978659714426543,0,0,5,0.31195503564013827,0.3504262879503922
0.48374652314849886,0.24490284280805738,1,8,6,0.5044908335626005,0.4764644785776288
0.6991111612948949,0.6292687631665215,1,4,4,0.4711102617833113,0.2546688545438416
0.6171820412493244,0.37046481714551927,0,9,0,0.4582090871374528,0.35353237571168045
0.6550112055502934,0.7848193350005831,0,7,6,0.4499653113055123,0.564671768158298
0.3337096792405314,0.6554885774175935,3,7,3,0.7885137415922502,0.5773691975689104
0.26066891044005785,0.4064674790188416,1,4,1,0.45783597387671315,0.5894549752666081
0.3925571949994241,0.6882542773357333,1,1,3,0.5323245014888359,0.5434887269261258
0.4202705408290499,0.4924147682116242,1,8,1,0.5127847690114086,0.43797124856342046
0.5788243045752806,0.6184339542322961,3,2,3,0.4323717511465598,0.5347467259943541
0.15335581292511785,0.5584288860499462,1,9,5,0.5377004217854858,0.4767262012489234
0.6452951723586235,0.34140919151735405,3,6,3,0.5351498977306194,0.29655114992085085
0.38763767483471956,0.37447464325602886,2,3,5,0.5377457942474483,0.4259123446630535
0.3465859423697008,0.6473223951163805,3,1,5,0.36854325921662745,0.677847024003182
0.416405783785724,0.4924147682116242,2,5,6,0.48623106805512883,0.7837704476842824
0.1590978206394515,0.41358795826506467,1,0,4,0.6603812033623885,0.6417284339759447
0.5374446502227876,0.3236760877919478,2,7,1,0.4909716519357604,0.7770101146910761
0.42295666001048215,0.5484616912099128,3,1,6,0.5525264714539521,0.555946139962419
0.416405783785724,0.8156707673285577,0,0,6,0.5534734192872844,0.8071276106321544
0.21402894676979362,0.3053488024731872,2,3,0,0.5985870469038327,0.8544404851732269
0.3604945960956352,0.4833471797250404,2,7,5,0.6240408272563785,0.28022682309237
0.6665897277027529,0.709645697391825,1,7,5,0.4919926484974154,0.5765781474348391
0.37212784651915065,0.46641379548719164,3,2,1,0.3591546386469445,0.5561040321234307
0.18226157089985945,0.4924147682116242,2,1,3,0.3037658721208173,0.4787125707584025
0.3742422121195856,0.3061867236094701,2,8,3,0.7067573601942406,0.6175712477036011
0.416405783785724,0.4924147682116242,2,4,2,0.6621702961631039,0.5492362633822208
0.0,0.44888661845643796,2,4,6,0.640387119700886,0.4315160031851377
0.40347264871345323,0.6401110395630496,0,6,2,0.6695498927271338,0.5389690978818829
0.37650318880176886,0.6729888712640609,3,5,7,0.49426215447623256,0.7256057213710015
0.5180596698225972,0.9015987120723504,1,0,7,0.41077349152654963,0.570672956749293
0.6940622560220723,0.5739013592994248,1,1,2,0.3467080953670111,0.638041738828491
0.5837671135171864,0.5325160142612119,0,9,3,0.3270770360849954,0.5010038768185089
0.37070832266270853,0.5110907111932699,3,5,7,0.7418005594406533,0.6115301848922897
0.416405783785724,0.421818528361555,2,2,0,0.43451104154639164,0.35969823478197493
0.416405783785724,0.5345845778439747,0,7,3,0.7134557381604728,0.4672498951832752
0.4208039340215284,0.4312364656626375,3,8,5,0.4896978078978168,0.5274386892493859
0.4138891580486772,0.5068641943011395,2,1,6,0.4015177424517914,0.3495233543146344
0.4080789904561958,0.6942184407859172,0,5,4,0.32617338712706745,0.4171502247077641
0.4420061360309939,0.3152926170547763,3,5,6,0.4173906737813934,0.5904665203033603
0.38972138206415974,0.665243290461994,1,8,2,0.7789354455163605,0.5626832669306646
0.32417533247781977,0.694139779570166,1,6,3,0.3280032304640027,0.6652384667724727
0.3282676421504033,0.46014866798460285,1,0,2,0.9048040623590109,0.4519711371228629
0.4067616337905092,0.13345304352203446,1,0,0,0.37189954548437976,0.5517340231314709
0.32879197349867095,0.3802996807295034,3,5,3,0.6585122237281605,0.441154275840061
0.30292466213980657,0.6908593469890673,2,3,6,0.49720020040531854,0.6500436350661242
0.4280122617002423,0.47567007071299316,3,5,0,0.4656102822551772,0.7235064433484237
0.3728323355212013,0.3164730747816056,2,5,0,0.2942685413384042,0.6162689883741104
0.6413930622879878,0.3971003866342465,0,8,0,0.5056438983026329,0.7038677785211404
0.00701061246808099,0.6164524337069072,3,7,1,0.31465501877971247,0.5479287750038382
0.5784144079227237,0.4924147682116242,0,8,3,0.22035985858981932,0.665121502082538
0.6020155305259266,0.44044317405616906,1,1,7,0.5449252055090622,0.5544346637403025
0.09519584162245959,0.4195917202649897,2,5,7,0.40887301638205786,0.3876340796430575
0.3594406575835849,0.41552654497085095,3,0,3,0.8268874549406376,0.58040245312642
0.416405783785724,0.329009488803506,0,9,3,0.7035742457037092,0.392125876902188
0.416405783785724,0.7427679375215089,2,0,1,0.8292450839906967,0.89758892372385
0.2930048616890838,0.42684760518510134,2,4,7,0.40068132560835423,0.492357975692093
0.2421989748285866,0.6778429493098851,1,6,3,0.5479054845209138,0.6407829432906235
0.6793002272213743,0.7274325342797964,1,2,3,0.05113854873321444,0.5411204350096767
0.5546224164513922,0.6421622191925325,2,1,2,0.4725941895530631,0.3559996250704638
0.605904291973847,0.4090274517362421,2,1,1,0.5411230024854418,0.25520648374131794
0.5219477895129941,0.5452222703965888,3,6,1,0.5511328624359714,0.6565446011300465
0.23937805834543663,0.4924147682116242,2,9,6,0.515739323156471,0.7778655578982634
0.3316783257207983,0.3320596779860999,3,2,1,0.5353736972419726,0.4316138105604852
0.48648045415434993,0.5322817213207556,1,7,4,0.03445746851300613,0.2918653868493852
0.2251671477585609,0.2871688161776199,1,5,7,0.5695442033722878,0.4937109742827819
0.520623493394667,0.6730366966620278,3,2,6,0.6104880734953629,0.40094528556434283
0.37506938491306785,0.4036476514574311,0,9,4,0.7644812851198449,0.4444212863495585
0.3545345374382864,0.5121953591903993,1,3,3,0.5898192189824628,0.6355282302962003
0.5203122596819044,0.525585473565901,3,4,2,0.4998156116022331,0.5353524905492453
0.47959283890385473,0.437186813593076,3,2,2,0.7224804867518376,0.41725772573420505
0.3566498732407587,0.5750525181211764,0,2,3,0.09859087394377963,0.6322125319846148
0.5887696607112624,0.4019705721890159,3,4,6,0.43058209836063266,0.6440928169619452
0.2467049654472681,0.6214540298504153,2,5,1,0.3853777744081349,0.4919078576303407
0.5058038777700186,0.2599510787608017,0,2,0,0.5171532539668208,0.5639088059959396
0.5023175143652956,0.5000032791992458,1,4,2,0.12717748146485952,0.6219046299830026
0.364500670868384,0.7955197937069715,1,4,0,0.7611675205551599,0.6075947949696507
0.46155662872574177,0.3163052924472425,2,4,3,0.47835911867452474,0.5491588040586475
0.22074158173286007,0.3688994970297378,1,8,0,0.5808199654576492,0.7601667852953252
0.5528434770227263,0.5631855584927375,3,9,5,0.5635741873463896,0.6313302866679611
0.38353144492704827,0.5086773209914983,3,8,6,0.7508700603977109,0.4746840562697386
0.33195273038441,0.536564893052599,2,3,4,0.1878572914168648,0.4755950998359148
0.571925842449329,0.5591551134260008,1,7,6,0.5436138240889278,0.45840226027657055
0.3042227671531041,0.5828829080816117,1,8,7,0.7299111254857374,0.6388248790002761
0.1967176284627999,0.6603229777763063,2,8,1,0.5057171546218674,0.44860031666593936
0.17409525962570438,0.5462149451111199,0,9,1,0.3519586603597772,0.4785920158355695
0.5042884221516656,0.4400640174753112,1,7,6,0.4145551471029022,0.7033869544079526
0.2162656297745918,0.5890543038714185,0,6,3,0.45256723264742516,0.5720514888542293
0.679685553283026,0.7891535936028455,1,4,3,0.39344335526441754,0.7246867946416493
0.0938920747002675,0.457773967012988,1,1,5,0.49583794773473777,0.6639794345687746
0.416405783785724,0.32051203181464905,1,7,5,0.7951546726587363,0.3646313581314112
0.44398071014676177,0.6598959500937625,1,3,1,0.41573099154340765,0.527519872915752
0.39699620314252815,0.45977161762275975,3,5,5,0.4354968745592708,0.6930677673510278
0.3285638203995583,0.12516826672790296,0,3,2,0.6062247519674421,0.3577334056025313
0.4727027887950569,0.6175613690386167,0,4,2,0.491871961215426,0.60662578946518
0.4060163335135648,0.3921190083604317,1,7,4,0.28385961371169366,0.5370543183161163
0.5802152808672939,0.46463799084024493,1,3,5,0.5123480224605702,0.2769950551005595
0.429202777057183,0.5335242506377696,0,3,4,0.5055540794830865,0.5611412084516884
0.434710596301605,0.5104573657618858,3,6,5,0.6991876587232922,0.41605100607665135
0.35624587313864536,0.595066880502871,2,6,1,0.34819561853661163,0.3659987001868578
0.4030679293620061,0.40839713295488966,2,7,1,0.7003843675973901,0.5443877736077806
0.45875780091988416,0.563054792701686,0,4,4,0.505745199416436,0.25030561740333346
0.15065279076707866,0.4370821907387278,1,8,6,0.3237268837554358,0.4407869930462739
0.20592058854816137,0.5998534920502056,1,0,1,0.2875368489406519,0.9297327095729508
0.5252444748370932,0.5797274509149799,3,2,6,0.871943758806223,0.6415688634553849
0.416405783785724,0.3268853303927185,2,1,3,0.49455766946671365,0.4093876145568076
0.38367172792852533,0.6564560599535663,3,2,2,0.6921286046952494,0.7558585921148239
0.4145769296195633,0.39201543624769997,2,9,4,0.21557703326077848,0.39261901686077294
0.4648314277570825,0.6111435157344648,0,6,0,0.9986770157886496,0.4590679184892556
0.32935156197385296,0.5392806710653036,2,7,1,0.6843334016840749,0.3688486343037926
0.292930347755373,0.7790943621200164,3,2,7,0.47734455641365703,0.5818210995008452
0.44166420683382646,0.4429647565740674,3,4,3,0.46820397927148083,0.750471668703965
0.26238382609077865,0.42244614702559136,3,1,6,0.6557458773790089,0.39156355074227894
0.4740947235882682,0.47623230411092676,0,2,1,0.6453996427097507,0.2306611530131758
0.15181084124636973,0.42996828639938733,2,1,4,0.5562650719330026,0.7083809537205802
0.5688945835108259,0.609820306903623,2,5,0,0.5253342699723601,0.7785415813761728
0.48391891873767934,0.21587655433552358,3,4,5,0.6244762121550734,0.24056941542379048
0.4508532126641783,0.30760697540598403,2,0,0,0.20952528962825756,0.6127414331344029
0.5618003297036018,0.30530478070876355,1,3,7,0.4564715996278196,0.5773379195206749
0.6660481570715397,0.6343358010144717,1,1,6,0.226615058887093,0.42362936313997246
0.5666371126161991,0.7582954083094623,1,4,3,0.6323193063738134,0.3316328307988733
0.13069653743918402,0.4623691484420678,2,1,0,0.40159472904837157,0.6933408258780459
0.2163957725925691,0.45187391007765754,0,1,4,0.24018128350384504,0.5701473111444925
0.31636471363379365,0.49081970517009954,0,8,7,0.38033650258611373,0.5815704586330666
0.415746023296363,0.6688301095864836,0,8,4,0.550287403343723,0.4487486023464447
0.4907989439753243,0.3282035944931697,0,4,1,0.4863925464775375,0.4214413392863344
0.3009553823721602,0.5182619361692395,1,8,5,0.31197539728478885,0.1708545740825125
0.44027809692093933,0.638393851592325,1,9,3,0.21616281435496643,0.5084355499575212
0.2964300621786327,0.561096427058397,3,0,4,0.5366963774309667,0.7611127417475635
0.31839548465470313,0.5103076855224252,2,7,6,0.4187216493030498,0.40804915526484303
0.19699248410760506,0.6426081629624271,2,4,1,0.47686874865727147,0.31222046022988487
0.416405783785724,0.0386657680766192,0,4,1,0.49459926515961683,0.6090442056989627
0.20538633091065556,0.5899186752108853,1,9,3,0.6008702352507603,0.6369996007349837
0.26276545515475075,0.37275851749961997,0,6,1,0.6759906470765552,0.454185106678683
0.5726331463984231,0.1809336308635579,3,6,6,0.5497743841711141,0.490133205642441
0.2668075784671909,0.5627444968136208,2,8,4,0.46562776720801746,0.5830070182813053
0.813676247847559,0.7033585800644031,2,5,3,0.5278362569844751,0.5194225199029813
0.4870825258434983,0.4569889712966544,0,8,2,0.4622446852214809,0.6946109906441953
0.43998332541780383,0.6347543152100642,3,5,1,0.22739179620356176,0.9124618933971638
0.28070779475365404,0.7422629349294263,2,5,1,0.7201386995346623,0.28391134247692285
0.5186861971272233,0.6937809933765888,3,3,6,0.6861703657241168,0.7294197901842325
0.32387366308011817,0.7467768810490018,3,5,5,0.881664536197624,0.558958383512695
0.416405783785724,0.6003942945672157,0,6,5,0.9343116666427588,0.7534384697217322
0.8026378139886832,0.49169709640190795,1,0,0,0.3114593917694285,0.6528064948034908
0.3970959360021268,0.21821531775296096,0,5,1,0.4629361071622108,0.5522728067490071
0.587234231183396,0.43928064150950563,1,8,2,0.9759442895772453,0.6582134451495977
0.3044009860038924,0.34191625299941864,3,1,4,0.5160668832196528,0.483252372025073
0.4064203588893821,0.8333471128703248,1,4,3,0.5673798766822818,0.42562638200862934
0.6821294291433668,0.4507221869805704,3,0,1,0.24927185313969735,0.6659202683204192
0.3160366822816958,0.4994856669505209,2,0,7,0.5504554238701757,0.4150110383085393
0.6884882612938682,0.5693121664078415,2,8,3,0.8715026104819054,0.6403789179777298
0.5198224551341307,0.48650736586679855,2,4,0,0.7552192648420945,0.5476631482419975
0.3258846277004744,0.7557581389222561,0,6,5,0.41345693923567206,0.18988385780863207
0.5083188537236185,0.37788223818931654,0,0,2,0.4519591843475309,0.4559319468258299
0.5602526769836991,0.5111270939760316,3,3,1,0.3195898233592541,0.5937600127600345
0.5067007781927775,0.3583466878266085,2,8,6,0.3699974443000781,0.4814568137484245
0.1720194826736383,0.26418311350395907,0,0,7,0.17916069107636112,0.15694496219012127
0.30074264284399504,0.37965614828397287,2,7,1,0.5080897592249282,0.7432136525931049
0.3739711167016019,0.47336001225991486,0,4,2,0.7954904283749032,0.56867758067927
0.40039787974655217,0.4094053908633324,1,5,0,0.5874215016498906,0.610268247090261
0.5065270482678706,0.3665067329577554,1,0,4,0.7695652712991815,0.47125857366333834
0.4388939301864969,0.2501136579109441,2,8,7,0.7167696092806769,0.6235702629942331
0.20788117054449845,0.4658489983032361,3,5,0,0.42484112131207163,0.8211411353405684
0.4698112823041726,0.23407013116694567,0,3,1,0.38651360958320213,0.4315729911532919
0.5049870573766282,0.6033173374820179,0,5,4,0.3934191139274156,0.7957033332919917
0.49723159800225203,0.4928393672702007,1,7,7,0.2139656174717558,0.6034201690435677
0.5767767359013855,0.2417605043258588,1,6,4,0.5291997479442586,0.41120549668443585
0.5390862070842235,0.42898527540263776,3,0,4,0.0,0.8783767591276874
0.4818703408036802,0.35676751999593914,3,2,7,0.629944888390625,0.6023705915272575
0.40104947768010313,0.5314364006209072,3,2,7,0.5363266412614464,0.6455490322629295
0.15816581795995033,0.697944359847518,2,5,4,0.6083257124054459,0.5021712648755374
0.47735681658091467,0.17367193682825924,1,9,0,0.713844460257209,0.4222875951763126
0.44347231714253044,0.4924147682116242,2,4,2,0.5591960214712314,0.5684408276055978
0.4532272599085113,0.4532905454413211,1,2,5,0.817377270747159,0.7827350282135523
0.21682761317589772,0.5888531747418756,1,9,7,0.6354463380952194,0.49606105016706353
0.2467060017201465,0.5141578569188443,0,2,1,0.38694244354687035,0.5389469445490358
0.5725584942179505,0.35679802035749275,1,9,3,0.4805392889512202,0.7637658706382725
0.40572311772714265,0.42738017803374606,1,4,6,0.1158975100923515,0.49747582744050983
0.5158143988555218,0.3496150820120436,2,1,4,0.3608025097459481,0.6203545433168833
0.4160860928812141,0.6548297481002464,1,2,4,0.45471978572751326,0.6759990413613777
0.41630561153649404,0.4828730931837254,2,7,6,0.6218104816741205,0.5131722711802508
0.5550202125939142,0.7893669712286859,3,0,5,0.38816161947751027,0.5899701905493415
0.33297237644093497,0.46950837267521206,1,9,6,0.2988016988859098,0.6432182126299562
0.42643820798586907,0.36390042384647436,1,0,7,0.18324754951897293,0.4822277163320436
0.3411819297943618,0.23260375403311043,2,5,6,0.41590168200949573,0.666663366258326
0.34542325512144223,0.1854161021479234,3,8,4,0.8749103811934728,0.4600849412579379
0.36455782165759276,0.22112228440020285,0,4,6,0.5722264622480845,0.4406661330111534
0.44567795481116035,0.5229505619264274,3,9,3,0.6926827618205599,0.3115191528436458
0.3386667704946258,0.5623405548833995,2,3,1,0.36118744665035385,0.4666826718250738
0.6034920949421457,0.22160247398149766,3,8,7,0.23984401329523086,0.4193807113540333
0.27517319391145395,0.6253247449915055,2,4,6,0.3033402238808046,0.4822339674613338
0.38323073919456174,0.4006405974418924,2,8,4,0.5058712833506006,0.6357736429951132
0.34462399770901275,0.4924147682116242,0,8,0,0.16403916720147949,0.28140849830009157
0.6326879587130944,0.7422535390267766,1,3,1,0.3419900124746055,0.24366328688998265
0.4417725370294838,0.6256183787902317,2,2,7,0.417713886797486,0.429449796944832
0.416405783785724,0.4356174518646351,2,5,4,0.28534800465049404,0.6129197251425469
0.18494609077910923,0.33409923827957877,0,1,5,0.14069397463728284,0.5867909630704118
0.45253583466298664,0.4924147682116242,2,8,3,0.5755685037555623,0.4270269285106392
0.5475918390063008,0.36214831510178136,1,8,2,0.531639825283233,0.7202718497661517
0.42432559815376547,0.4449759657012714,0,7,5,0.6637523157650892,0.443194284353197
0.574440668335738,0.3184495503093425,1,1,2,0.3232792618424484,0.6131051934459503
0.33278248416666345,0.4579984359365532,1,3,3,0.6603092811681343,0.4880076421228822
0.6269425177727856,0.4924147682116242,0,0,6,0.798949030132024,0.41130499941284315
0.7627597005900122,0.44273813224915815,2,9,7,0.5706241015384371,0.451280531425169
0.3563639947998501,0.3734225926322169,1,8,6,0.4134656475988664,0.6542687054362434
0.3437428069267605,0.5068957742827224,1,5,3,0.5495169643776833,0.5977296726059814
0.6336661215056861,0.5514520874489199,1,9,3,0.40484305374104756,0.6897560918043295
0.6529325376598937,0.30162072269069395,1,1,3,0.37484104765563,0.5977237511353054
0.33193181212147704,0.7094356743272257,0,9,2,0.6464950029184352,0.2987661923338942
0.3476080252934707,0.4633247349558106,0,2,1,0.49831759352928506,0.8635246816459927
0.3687393653826609,0.4824716866048664,3,8,4,0.7405278261152045,0.5998737309345672
0.20649083722453498,0.5948651368575459,3,9,7,0.4436509380526702,0.6210208148926627
0.2715020418268222,0.5174218196514898,1,0,6,0.4618955343077139,0.4858776083688662
0.2584495525787308,0.6347970456042232,2,0,6,0.4212907291245672,0.7117479961135201
0.2945345878933267,0.5262109396180545,1,8,5,0.3215209615725728,0.377298802014895
0.4064667132117239,0.3795471918726394,2,6,2,0.6701303720612889,0.6354456714521898
0.4475224838594781,0.5383376871611361,1,0,3,0.917231277132143,0.227752118397711
0.6484938585913368,0.2929263128276862,3,9,0,0.4544979941481827,0.6456596700598427
0.2593330737085497,0.4970979421481527,3,4,3,0.4007510545479206,0.37935391991186285
0.5620494151461105,0.47398067073564587,2,0,3,0.38906936679839166,0.5849915341340073
0.3790904672716763,0.4454672648650211,1,1,0,0.400888493220141,0.7487603542328573
0.40421027291792366,0.4584418136714675,2,6,6,0.8206589978740465,0.667717246408925
0.514794308054846,0.1725833935844951,3,9,5,0.3939063716106651,0.728605231404081
0.24034448868165148,0.3899348182436173,1,3,4,0.41791100092448497,0.7129107083693539
0.4701489959132671,0.4945358137769018,1,7,0,0.2998666165396461,0.4635265233790326
0.43717645712306796,0.5054613102056552,2,3,2,0.5762884019083326,0.6337025613648289
0.48695020715635307,0.4924147682116242,0,2,1,0.5112594337445026,0.2815233055372235
0.416405783785724,0.6857583891236969,2,7,7,0.318458463423155,0.4388699765239438
0.7866392631998351,0.3381780501635011,3,2,2,0.3624892997543957,0.7541136405273415
0.3143918647909952,0.6374579368927538,3,7,0,0.7996029945022235,0.48463470956167304
0.3306894606312717,0.5490478652547834,3,7,4,0.5292677763058128,0.25983316064856743
0.31662091960438404,0.374038109599214,3,4,6,0.5416972968796997,0.8482572324138582
0.32695181308310917,0.768843636903966,3,5,1,0.5424123935064135,0.6282332381917888
0.3144457392211682,0.28478892710379844,0,1,1,0.7746803973778965,0.6588888173316377
0.593302249808484,0.6292565742023918,1,3,1,0.33503011741205946,0.3943735146349015
0.6286459465188138,0.6425325495587743,2,0,3,0.4519449211542509,0.5860620649364285
0.324620505474365,0.3700611120716272,2,9,7,0.4929270393394002,0.5820477393935225
0.2846778288146638,0.7064248173751358,3,6,6,0.21322431177435042,0.41847388106605016
0.48373846149535915,0.43863108922521876,2,1,6,0.35828857639606826,0.5172593085805154
0.3274486473737362,0.5264668237054028,3,2,1,0.7119809674280811,0.31554738645621705
0.5083988704038738,0.521841111131059,0,4,6,0.6603616738558459,0.4904447111942391
0.44274484475946574,0.4575008772396074,0,2,7,0.6922300117141112,0.6906267587708587
0.18033761722468433,0.6115919508174623,1,5,7,0.4172220342024263,0.4297879861191257
0.6480365355195304,0.6087681857027983,0,6,5,0.43945736279408376,0.8321279735071228
0.6859582076993834,0.19431929556563923,0,4,0,0.20117103572404627,0.32530612567579514
0.3182014447173336,0.6920569830639113,1,2,0,0.6913051839480139,0.5035623621740773
0.3525678957007606,0.20834718151546802,2,5,5,0.720986721242911,0.44349442672720174
0.4554085402882404,0.4924147682116242,3,9,4,0.7186925867249602,0.5156886703636917
0.4628275070540844,0.6630955065771563,3,9,0,0.8124253871000432,0.7509029643504679
0.5123093968490631,0.30152822197762275,2,2,7,0.5994363958087464,0.3937692857571522
0.7186817743713758,0.41241964830350364,1,1,7,0.8039184212773846,0.4745943890470337
0.3847460056520674,0.2991253121552103,2,6,0,0.48724915921402545,0.6422181746354407
0.28987787679777793,0.4443579182882005,0,8,7,0.2049650938426092,0.5571240140884018
0.201167058605841,0.42917681263121576,1,1,5,0.6784734243579619,0.5695567828103222
0.30016354585853955,0.6065136496557691,1,9,1,0.19831967477511048,0.3966766395551631
0.4067045766231788,0.693030082751984,1,6,1,0.5540437496035348,0.5321508615127775
0.685756698305887,0.7069495606242325,3,5,6,0.6955198437921758,0.7145372621025028
0.33273319137902085,0.387743063591215,2,4,2,0.5818042169592196,0.2990160841771008
0.4459305161012149,0.4452871039200227,1,7,2,0.9339051011120368,0.43729758185699635
0.4092549660444127,0.20493213021459547,1,2,1,0.16912067784217955,0.2677855711186193
0.593207090419531,0.34801009044317743,1,3,3,0.5084427643073343,0.6244018828941471
0.7975761276859171,0.6367070490993619,2,5,5,0.5265193687458932,0.7287702931667878
0.3307090315556954,0.7428017084854015,3,0,7,0.28117150133278324,0.5151991650745757
0.3370344889422241,0.2781512707363277,0,5,0,0.31547548993347874,0.3905761314911971
0.5711855933738985,0.3828035916205308,3,8,1,0.3710848446302645,0.39501368864488906
0.515874065273581,0.47509328798691963,1,7,5,0.32522150040407694,0.4979714693670763
0.6937189124616628,0.5250756969844372,3,0,1,0.5039137126356518,0.4973931810498494
0.5009169636071733,0.34740139137462167,3,8,4,0.414721867583257,0.6812260311169486
0.35690547211658213,0.5485370118517418,0,3,7,0.5806598957444756,0.44160773631895023
0.5019439922413834,0.4021440963123655,2,9,4,0.6403989733546326,0.6089553398013301
0.416405783785724,0.47704217418265216,2,1,7,0.6282084170857655,0.4966961761751122
0.5370341831223074,0.5684641789199484,3,2,5,0.449470694274097,0.4301050052639107
0.48921335697620516,0.4804455415281276,3,4,6,0.574635434535319,0.4929206894149058
0.574623017061945,0.4082504759868203,2,8,1,0.7099004360946942,0.5940177427906089
0.590291243630777,0.4615277709930612,2,7,1,0.6036630797929871,0.6816962020246358
0.6227913674929564,0.46499183847088954,0,6,3,0.8583549999386929,0.5048057217682094
0.5108078764729754,0.41907217676773667,1,9,0,0.7003590507294372,0.3604980801961164
0.3862467263012266,0.4372045703558388,3,6,4,0.8330246833825944,0.6945481519796247
0.43416276664873565,0.7400405340288841,2,7,1,0.07426275889678402,0.4068493320295209
0.5959730063387124,0.5708502894602226,3,6,5,0.5407946438054364,0.5825401310735093
0.28703214960138207,0.4312236005873973,3,8,6,0.46500249457978426,0.5392377803087951
0.468051707639209,0.5930293129858011,2,5,0,0.5008530627541524,0.5189646258517624
0.3517071963017437,0.4249728146635118,0,6,5,0.37832318720718205,0.4691817786493125
0.41615120305949616,0.6706637024684439,3,1,4,0.5947676531176996,0.637010027341356
0.416405783785724,0.5396646084998438,0,3,3,0.19751468235179337,0.0
0.44093955587235556,0.46190400990238956,2,4,1,0.5960718176260477,0.7152788452752153
0.41885238729046403,0.5523938466104411,1,8,5,0.384314392326938,0.4046757862094937
0.2041386955223159,0.22328414942778144,1,0,0,0.4332061973590874,0.604844023098228
0.5257009093869445,0.29569125110284467,3,7,7,0.6023903867213455,0.5968202088408566
0.5103153734929893,0.2847419433553684,2,9,6,0.5375694182093321,0.7362749968793806
0.7420495771069336,0.5027037806213416,0,8,0,0.713286685524421,0.5729787865268374
0.36477064147200133,0.761866230917,3,5,5,0.34867293933850296,0.4173181155897377
0.44522244062561256,0.8431877366682375,2,9,6,0.5088310911580142,0.2997385577590574
0.44983848929137127,0.5834257685920047,2,1,1,0.6835276515445022,0.4901273406285001
0.6526090278118357,0.5610557169988903,0,7,7,0.5884608418470182,0.24616382198667563
0.39721264010946644,0.18575554021627247,3,9,3,0.6000644991022571,0.4477304754324376
0.45436361449028284,0.3909213857423408,1,6,0,0.7230392642072835,0.4986424924049982
0.5045764631232794,0.35095886777845164,2,8,3,0.45017054029347114,0.4384183072774925
0.44025402814051506,0.37817599617397124,2,3,7,0.4122232687897994,0.5493345824533135
0.34360064701289017,0.45198443506745767,0,7,6,0.6271498493715496,0.5072113181213987
0.4413962122479482,0.40242921418250843,3,2,1,0.49644694500177,0.49332839201060485
0.5756852255951312,0.15669510382925197,3,1,5,0.7255909727009539,0.17552699771813568
0.25503339423138816,0.6013371116579439,3,4,7,0.5900057903162165,0.34673877215722154
0.4320643218224721,0.30449935033145403,3,7,4,0.4110484238896356,0.6404219905764975
0.30486751857485866,0.5184050652015858,1,5,6,0.5843495323488358,0.6649187420693105
0.5942229291052447,0.8175551331331863,1,8,3,0.3607107494717886,0.26426338173667807
0.1792012471898628,0.32950277889649426,3,6,0,0.6940070350758037,0.41949963624041187
0.3264258697317458,0.06686253620735641,0,4,7,0.27161217544416416,0.7055005600603134
0.4693553815355268,0.4327685752374464,1,4,3,0.7435856902681003,0.43415518805805103
0.6507876620030503,0.6588979818736307,2,1,6,0.5811947414880642,0.5261013419133203
0.401723631546114,0.7986857621075658,1,9,3,0.49372066689103666,0.7615643184452995
0.3269941960833687,0.27893374084294353,2,5,7,0.6609240045047832,0.48819091595229014
0.6989787219653416,0.5603798786888838,3,9,6,0.6155131651734546,0.46649211410311897
0.1906787108883845,0.40353463932556144,1,6,4,0.7631039150259874,0.5191970730570103
0.07604728644660716,0.4621247306227415,0,4,7,0.7614244943013934,0.8239592783329415
0.47894411994863606,0.9105299485465836,1,5,5,0.5868554183531024,0.6106415424163428
0.33510845576333054,0.23435545711776848,1,5,2,0.3662840388790335,0.5458947149521031
0.2558399270967548,0.5207679585506508,1,0,1,0.4257959979663569,0.4635148187537117
0.5199147523996425,0.4924147682116242,3,8,7,0.510463448031225,0.6246809937366532
0.416405783785724,0.6564241383171586,0,4,6,0.718296285856394,0.6430055317524546
0.3256385286440742,0.49537355006304784,1,4,0,0.44113477099127085,0.38031983171329314
0.21628470780675185,0.5296227578716824,0,5,1,0.4561714270970364,0.6470875907592065
0.544969782728668,0.41554441106523066,3,9,7,0.8564400413112577,0.5200890853779748
0.416405783785724,0.5232766875434622,2,4,4,0.5045797434484399,0.5467613516709443
0.39662018856293646,0.42344468365438737,1,5,0,0.4089975711025381,0.4089534482986599
0.6937081744786334,0.5807390119624065,0,4,4,0.6633227565748744,0.48236917421288117
0.24838117939589982,0.41913750555009255,0,5,5,0.5132587628404955,0.38684366323851416
0.1788442391791255,0.5408805873572272,3,0,0,0.27297322445741423,0.3795558733908136
0.306121445886407,0.4746274758902427,1,8,3,0.7109429021534818,0.6001649651463274
0.4048023216783001,0.6629887345121233,2,5,2,0.3887601791913674,0.48917029552327873
0.44891565161369673,0.47101927117749587,0,4,0,0.5312279240297749,0.3459910598754306
0.3749303447920074,0.19032475572086385,1,6,1,0.511095535836254,0.8730199000924023
0.46551447386166045,0.6851410674484735,1,8,0,0.5648373546426505,0.37251654371699905
0.22067656301017208,0.3317286367552176,0,0,6,0.12855035073865273,0.7085532025266401
0.6321973529686173,0.3728089527600963,0,5,2,0.46299024564591773,0.3191861453417715
0.39921952871369815,0.382282349773297,2,6,6,0.7260655184897103,0.6122029872049116
0.5823518862824744,0.7034856769080501,1,5,3,0.7514026533128421,0.5050198898558159
0.4640899556765874,0.13119995417236666,3,9,0,0.3447470232858315,0.44764391417988786
0.48149980621293753,0.9909743101883361,1,4,4,0.6892624238471482,0.5728261646962253
0.49875486731317387,0.6515770633550622,1,7,4,0.38616707519131077,0.5524400697688762
0.416405783785724,0.4924147682116242,3,1,7,0.4558846015061385,0.4198411664253013
0.5098937578785817,0.4704485889903335,0,3,5,0.46535354135449836,0.41297816112440333
0.6146983062145898,0.5259549534248089,2,9,1,0.5429799913090289,0.3044136875172596
0.44176740591963604,0.4924147682116242,2,6,2,0.7038165631936474,0.5893224180718148
0.5200135841599002,0.5845938600479624,2,9,5,0.5710511315925638,0.3529388256411559
0.416405783785724,0.5699837393292196,0,2,0,0.5006454711218938,0.5436047061482341
0.6316404672770566,0.49400361814522753,2,5,5,0.6976799353950135,0.6328154323823741
0.30849040351194956,0.4472245720531798,2,5,7,0.3787372838607356,0.5745410495043284
0.6867311931944194,0.4547349927223847,3,3,5,0.5094596537317738,0.4333832221899527
0.40563108231753675,0.4476207800028401,0,3,2,0.7028101253670503,0.6807683275457174
0.19331074193913678,0.6642473716482705,1,2,3,0.618753018093995,0.48115805952429636
0.4313214908456354,0.5761714428875732,3,4,7,0.4393476705342635,0.34075773105672147
0.3077790100657101,0.0,3,1,3,0.2507446314703822,0.4999921089674851
0.5401124340035218,0.5863359644247993,1,7,0,0.5793894764647413,0.6319543136199007
0.31211936664721374,0.5111480835515171,3,7,7,0.23890240762209058,0.4407681926721381
0.34363884486361135,0.4763482003988456,0,0,0,0.48508198145731496,0.6761251496971578
0.12326610430228854,0.41605474224170125,2,0,0,0.7358161856754025,0.42622900333479574
0.34270399860091255,0.6626728411419827,0,4,5,0.6309077023148725,0.4468622499786435
0.04168293643139634,0.6338823679709197,1,0,3,0.15871884497105715,0.3844278233347808
0.16993110082964896,0.35338914303949,1,0,0,0.5594945917292838,0.6466451540624255
0.416405783785724,0.5457639185330246,3,2,3,0.46586069537822483,0.5349311448198196
0.5317389091324193,0.3209803732033957,0,2,3,0.2938546980896276,0.394480777236886
0.4767215646833607,0.25446668887426016,0,0,7,0.5837435804090613,0.482940921155657
0.2641238717321207,0.3772190172919353,1,9,6,0.43476457910157207,0.07744870372299098
0.4044778234032663,0.6200023577892435,0,8,5,0.4358824832054168,0.6609343842273414
0.4112123865719426,0.6347951562189892,1,8,0,0.5457264379188677,0.5171187923326289
0.2349025427691998,0.563051470277066,0,4,3,0.41059183319331105,0.17824233481581672
0.6413022651142583,0.5976174600080083,0,7,1,0.5406252074467465,0.3221849140350359
0.5457186755947068,0.5635557286829651,0,3,6,0.4164589625396148,0.4790930223103237
0.3780254693646419,0.37481184687142577,1,4,0,0.42634515359692815,0.3437879999336296
0.4158673721700661,0.5498187441542147,3,0,1,0.7022963027754477,0.6632653659285462
0.44357844864062124,0.6098965478060696,0,2,5,0.7206298184656915,0.606453290860123
0.10002900339436241,0.6023774764817503,1,5,5,0.21548065477260925,0.5975039256646171
0.37402321943857786,0.6732378842021088,1,9,3,0.6579937759059608,0.14821117493505606
0.3076366215319216,0.5948797164613401,0,6,3,0.7753949870826838,0.46334830426154316
0.2588344233919195,0.5366982767282404,0,2,2,0.8040076150337611,0.43725099849742205
0.36884384719527863,0.6538748440636588,3,8,2,0.6171444976874442,0.39837775663997965
0.686234384679034,0.47507445659185243,1,2,0,0.33283469569528534,0.4800660404985546
0.5096067337250832,0.3356183676439627,1,9,7,0.6368942212696852,0.37227655251916514
0.32455444115969895,0.452812161126691,2,3,6,0.366737833326643,0.5756272926865343
0.4991847398746767,0.35795016697975357,1,0,0,0.4615728772929103,0.6592030821423506
